day_of_week,fraud_count,total_fraud_amount
0,1309,1.89827891247E9
1,1302,1.81346630482E9
2,1454,2.1278512964E9
3,1050,1.71659949197E9
4,1062,1.54136443962E9
5,996,1.52546701918E9
6,1040,1.43338796338E9
