type,total_count,fraud_count,mean_amount
CASH_OUT,2237500,4116,176273.96434614068
TRANSFER,532909,4097,910647.0096454942
CASH_IN,1399284,0,168920.24200409654
PAYMENT,2151495,0,13057.604660187455
DEBIT,41432,0,5483.665313767136
