isFraud,count,min_amount,q1_25pct,median_50pct,q3_75pct,max_amount,mean_amount,std_dev
1,8213,0.0,127018.14,440962.56,1517771.48,1.0E7,1467967.2991403881,2404252.9472401687
0,6354407,0.01,13366.5,74673.45,208337.06,9.244551664E7,178197.04172740687,596236.9813471773
